CpG_ID,Phenotype,seqnames,start,end,gene_name,gene_region,relation_to_island,P_Beta,FDR_Beta,Effect_Beta,P_haEWAS,FDR_haEWAS,Effect_haEWAS,Group
cg16661800,Atherosclerosis,chr6,149805292.0,149805293.0,ZC3H12D,5'UTR,,1.84578086961211e-07,0.0377198241171322,-0.109227094999013,8.80814077984802e-08,0.0225554905426997,0.0661361165645124,Common
cg06827192,Atherosclerosis,chr6,154730156.0,154730157.0,CNKSR3,Body,,5.6011233704828e-07,0.0565460301278797,0.138742998362949,2.1735845573191e-07,0.0310603059656342,0.118284806476203,haEWAS-specific
cg01732224,Atherosclerosis,chr11,4659876.0,4659877.0,OR51D1,TSS1500,,4.74309803988128e-07,0.0565460301278797,-0.106680895646365,3.98982991020619e-07,0.0389945549758056,-0.104516132512285,haEWAS-specific
cg14391737,Atherosclerosis,chr11,86513429.0,86513430.0,PRSS23;PRSS23;PRSS23;PRSS23;PRSS23;PRSS23;PRSS23,5'UTR;Body;Body;5'UTR;Body;Body;Body,S_Shore,1.06156070199637e-08,0.0065081208113361,-0.282080185153387,9.34412555937792e-09,0.0053410647932381,-0.271088845642745,Common
cg02178784,Atherosclerosis,chr14,24749319.0,24749320.0,,,,3.03784551237626e-07,0.0465603746529507,0.117444096193357,3.38700624421195e-07,0.0578219544993131,-0.0950307541893801,Common
cg19572487,Atherosclerosis,chr17,38476024.0,38476025.0,RARA;RARA;RARA,5'UTR;5'UTR;5'UTR,S_Shore,7.28121358379744e-08,0.0223195044651614,-0.131691903291544,5.9389878980154e-08,0.0225554905426997,0.047035082427935,Common
